Commenter,Comment,Readable_Date
crysti1575,"I am trying to beat the Marana's Avatar.  I have the traveler with Anemo like the video I'm watching and I'm doing everything they do but the Dendro will not go from the Traveler to the withering.  Is it glitched or is there something extra I need to do.  Right now I run in grab the dendro, run through the anamara's shield then do the quick attack and regular attack and nothing happens.   Any advice would be great.",12/3/2025 23:17
ReauxLimberry,"Vertical Investment?

I'm new-ish to the game. Played at launch for a few months and stopped, recently came back on a fresh account and I'm having a blast.

I am looking to invest vertically in my account instead of having a bunch of characters that I won't use often.

Wriothesley and Baizhu are my first 5*

Looking at current and future, rumored, banners I don't know who to pull for to get the best usage.

Furina seems useful based on the vids and guides I've seen. But Xilonen seems to have more team flexibility with her res shred, especially with cons. Venti was always a favorite of mine but he seems less relevant now because of the switch to more large bosses instead of groups of mobs?

Any recommendations would be helpful.",13/3/2025 17:56
RedEyedPig,"This is my current Furina build. Should I just dip out of GT domain and craft her the HP/cr/cd goblet or sands at 5.5? Got decent off piece goblet too so sands would be cheaper to craft and get similar results. Ill post it below. Got other domains to run too but didnt want to leave Furina with bad goblet. 

https://preview.redd.it/i0sb0lh6ouoe1.jpeg?width=2107&format=pjpg&auto=webp&s=7a915f073161516bd2ab73bf49583b650cc96667",15/3/2025 12:54
AutoModerator,"Hi u/AutoModerator, please consider checking the most recent pinned weekly question megathread here https://www.reddit.com/r/GenshinImpact/about/sticky when you have a moment to help fellow community members. Thank you.

*I am a bot, and this action was performed automatically. Please [contact the moderators of this subreddit](/message/compose/?to=/r/GenshinImpact) if you have any questions or concerns.*",11/3/2025 21:00
Normal_Guy_Hh,"https://preview.redd.it/tjie8ze909oe1.jpeg?width=2340&format=pjpg&auto=webp&s=7eb82a8565bfc85904c69bb1cf6c28673b80c5e4

What character is this good on ?

My 5\*  Raiden mavuika Wanderer  keqing And i have most of the 4\*",12/3/2025 11:58
Quibilash,"Is Eula still good even without an optimal team comp? I think I could trigger superconduct with Keqing and keep applying Cryo with Charlotte, but otherwise, from looking at guides, the way I have Eula planned is more reliant on elemental reactions than it is buffing her physical damage as the main DPS, from what I see.

I should also add that I don't own her yet, and her unique claymore moveset is what drew her to me.",12/3/2025 15:12
choiyeojnu,what artifact set is good for a phys xiangling?,13/3/2025 6:10
theunknownself,"https://preview.redd.it/ifko9s7jmfoe1.jpeg?width=720&format=pjpg&auto=webp&s=7e940e766392e3b9083367ad238161d209fe2b46

Who should I put in a team with Furina?",13/3/2025 10:13
HamiltonAttorney2277,"I'm currently working through gathering the mysterious ore to get a hydroculi, but I'm stuck on 6/7. I've completed all the quests for it and used a guide to get/find the others but I'm still only on 6, anyone able to help?",13/3/2025 10:21
Dangerous_Ad2954,Hello i want to play Xingqiu but the only swords i have is iron sting anemona kageuchi aquila favonia lions roar and prototype rancour .Which one is better ?,13/3/2025 17:20
Strong_Schedule5466,Should I keep 4-star artifacts as AR55 or is it better to use them as level-up material for 5-stars? I have access to AR45 domains and most of the time I don't have any problems dealing with enemies there,14/3/2025 6:13
xStuvv,What teams I can use with C2 Furina and Arlecchino?,14/3/2025 17:09
yoilvly,"can you guys make two abyss teams for me? iâ€™m willing to build anyone. my account kinda sucks rn cause not everyone is built and id like to have some gREAT teams for boss fights, events, abyss, etc

https://preview.redd.it/hgr46tu4lpoe1.png?width=755&format=png&auto=webp&s=d4a6a675833f5cab5dbfe2ba434da867e59c03bc",14/3/2025 19:44
AsianKidOn,Who are the other 2 four stars for Xianyunâ€™s banner?,14/3/2025 21:10
elalexsantos,Should I pull for Xilonen or Xianyun for my C4 Furina? I know both can heal but idk if Xilonen's single-target is enough to max Furina's fanfare stacks.,15/3/2025 6:07
sthathebiteof87,"https://preview.redd.it/w5ugtt475woe1.png?width=1366&format=png&auto=webp&s=113a53e7819ac1233a268fd222b1529d9d59afdd

how do you unlock this waypoint?",15/3/2025 17:47
telepathea,"who should i pull, varesa or wriothesley? i like varesa's aesthetic mostly like pink hair and the heart effects of her kit, while i like wrio's story/ character and he's just hot... 

context: i pull mostly for aesthetic and women... but i now have too much electro women like raiden, yae, clorinde, keqing etc but my only
dps cryo are ganyu & ayaka, and both of them feels kinda wonky nowadays...

im guaranteed and already hitting soft pity. what do u guys think? practically or meta wise",15/3/2025 18:03
0takuLife,Who are the Fontaine characters that have the exploration passive? Preferably 4 stars because I know Lyney has it but I never pulled him. Also Furina and Neuvillete don't seem to have it.,15/3/2025 18:30
fairyfrog69,"so my nahida team is nahida, yelan, xq, kuki, with nahida being the on-field. if my kuki has 1000 em, how much em should nahida have?",15/3/2025 19:14
Prestigious_Tone9157,"So, I've been using a team of Arlecchino, Xinqiu, Bennett, and Kaeya. Is this the best team I could have? I currently have Ningguang, Arlecchino, c4 Xiangling, Kaveh, Noelle, Chongyun, Mika, Keqing, Xinqiu, Lynette, Mona, Lisa, Amber, all Travelers except pryro, Rosaria, Yaoyao, Collei, c1 Yanfei, Heizou, Shinobu, Kachina, Gorou, Sayu, Barbara, and Thoma. If possible, I do need advice as to who to put on my second team for the abyss. I am on ar 44",15/3/2025 22:14
akasaka_ryuunosuke,why can't I login in Genshin? it says network error?? anyone else experiencing this???,16/3/2025 0:05
TatzelWyvern,"I use Mavuika, Bennett, Furina, Kachina and I'd just like another team to use for stuff like spire and general gameplay/events. Bonus points of it uses dendro or Gaming. I would love to work on another team from the ground up.

https://preview.redd.it/94c7nobbhyoe1.jpeg?width=3000&format=pjpg&auto=webp&s=3839bf12c005646145b9c1b3450fd753dd8d7754",16/3/2025 1:38
Honest-Access8584,Is exploration vedios are the fastet way to explore ? I quitted for like two years and wanna keep up with the new content,16/3/2025 2:06
fake_saint,"Is it worth to pull Xianyun for Gaming's team? I've heard some people says he's good with melt team while some says Furina and Xianyun works better for a support unit.
*
Is Xianyun still useful on recent or future patch? Cause if it's not I might stick with melt team ðŸ§",16/3/2025 5:02
Thepalebird,"So I got locked out of the golden slumber quest in the desert and i don't know how to get back in to complete it

I was mid cutscenes in the low level in the map and my xbox froze when i got back in the game i was back on the surface with no way to go back down anybody knows how to fix it? This is like my last world quest to finish and I'm livid",16/3/2025 10:15
No_Theory_5019,Can map genie get you banned? If you log in an account,16/3/2025 10:54
Jasquedea,"I got my second Aquila Favonia from standard, are there any characters that can properly use it besides Bennett? I don't want to build physical characters.",16/3/2025 16:49
neon_riot,Does anyone on EU has radiant spincrystal #10 in their weekly teapot vendor inventory? Iâ€™m collecting them and itâ€™s the last one i need,16/3/2025 20:43
KeisuketheLoser,"I'm getting error code 4203, I have the resource pack added, but I still can't log in",16/3/2025 21:24
Goliadana,"Hi, this is my team and I was planning my future pulls. I am sitting at 340 pulls and I really want to pull Varesa and (not sure if this is spoiler)>!Skirk and possibly her weapon!<and also depending on her kit the (leak) >!leaked character ""Akkefi"" or ""Effie""!<.

Now I am not sure who to pull because I want a support for my teams should I wait for Xilonen in 5.5? Or could Furina be better in my case?

https://preview.redd.it/cwpz5nwhr4pe1.png?width=743&format=png&auto=webp&s=3cb544ac0ec0862f381709305940d434851cab65",16/3/2025 22:46
MikaelPorter,"for Wrio you can use either Melt or Freeze teams  
Best characters for these teams are Furina, Yelan, Xingqiu, Mona for Freeze  
Xiangling, Bennett, Mavuika, PMC for melt  
Xilonen, Kazuha, Lan Yan for both

Baizhu is played on Aggravate/Spread or Bloom/Hyperbloom teams  
Alhaitham, Keqing, Clorinde, Tighnari for main dps for either Aggravate or Spread  
Fischl, Yae Miko for sub dps on those teams  
Kazuha, Sucrose, Lan Yan for buffers if your main dps is eletro

For Bloom, Nilou is a must have, so is Nahida  
Kokomi, Xingqiu, Yelan, Furina are great hydro applicators

For Hyperbloom, Furina, Yelan, Xingqiu  
Kuki for hyperbloom is also a must have if your main dps is a dendro unit, if you dont have her, Fischl or Yae Miko are great  
Clorinde or Cyno are the best eletro main dps for Hyperbloom, Alhaitham and Tighnari are the best dendro dps for it  
Nahida is great for Eletro Main dps (she works well with both eletro and dendro units, but if you use a dendro dps + baizhu, theres no need for nahida there)

I just talked about overall characters, if you want me to tell you about specific teams, weapons and artifacts i dont mind, if you tell me who are you interested in playing with more",13/3/2025 20:18
RedEyedPig,"Here goblet and few other pieces to work with.

https://preview.redd.it/4kwk2xh4puoe1.png?width=2107&format=png&auto=webp&s=e186d3dc341f2b606b37f72f6d704e06c8b0d3e5",15/3/2025 12:55
Due-Fan-6928,"this is pretty much useful for any attack scaling dps as an off piece. 38cv is pretty good for an attack sands. Since only Navia needs a Marchausse atk sands for on set, use it as an offpiece for any of ur dps (including raiden, mauvika, wanderer)",12/3/2025 18:48
FlowyFlorie,"Hyperbloom being her most optimal team says a lot about her status atm. She really just isn't that good at low investments. In fact you can replace eula in those hyperbloom teams with better chars too, so it's not like she's wanted there.Â 


Yeah I pulled for her back in the 1.x patches. I loved her normal attack string and her bursts damage potential. But she just has so many issues to function properly. Backlogged ult that can easily miss mobile enemies, enemies having physical resistance is more common than the others, still looking for proper physical support chars (Mika was a nice try but he kinda really wasnt THE physical support), energy hungry, and has difficulties with shields.Â 


Anyway if you're going for c6 you can just ignore my post. She's perfectly fine and really fun at that level of investment.


Edit: if you still want to try low investment Eula and want to play her normally, by all means go for it. Her current best team appears to be Raiden/Furina/C6 Mika or Charlotte or not c6 Bennett. I still see people giving her the best treatment that they can for her despite not being a whale and I'm sure they're still enjoying the game playing Eula.",14/3/2025 6:00
Cryoconia10,Probably 2pc2pc physical damage bonus (pale flame and bloodstained) or 2pc physical and 2pc atk,13/3/2025 13:36
kazez2,What about Hu Tao/Furina/Xingqiu/Layla,13/3/2025 16:04
acnhxo_,"If you have a team of different elemental types, Iâ€™d go for iron sting for now. Youâ€™re best bet is probably Anemona Kageuchi as it has atleast some form of energy recharge. If youâ€™re new, Iâ€™m sure youâ€™ll play long enough to get a few Sacrificial Swords for him :))",13/3/2025 22:55
crysti1575,I have him with the flute. If you can pull it it is a great weapon for him.,13/3/2025 22:56
PhyrexianRogue,"Depends how good they are, and how much you care about grinding to upgrade.Â 


The 5-star versions are strictly better (iirc higher base stats, can level to 20 instead of 16), so once you have access to those, there's little reason to use 4-star ones other than saving time (re)farming for upgrades.Â 




Also some sets only go up to 4 stars, so depends on if you ever want to use those sets.Â ",14/3/2025 7:09
princessERI-chan,"I hate to admit that some of my characters still use 4 star artifacts due to stats. Eapecially, if I want characters that have same build to have separate artifacts for Theater use. 
My character pool is enough but farming artifacts is my lowest priority that I rarely earned stellas on each acts.",15/3/2025 9:42
princessERI-chan,"For Floor 12 team 1, I used Ayato, Kazuha, Venti and Furina.
I added Venti for CC on small mobs. I sucked playing with Kazuha only and I wanted to clear the small mobs faster.
I chose Ayato because of Theater buff. 
For team 2, I choose Melt Team because of Citlali. Ayaka, Citlali, Bennett and Xiangling. I hate the Field Generator boss, I'm not familiar with mechanics so I also opted for a shielder. Ayaka, Layla, Bennett and Xiangling.",15/3/2025 9:39
HSKW-,#NAME?,15/3/2025 15:54
HSKW-,"It's not confirmed yet, but the two 4 stars will likely be chosen from: Gaming, Faruzan, Beidou, or Yanfei.

[Source](https://homdgcat.wiki/gi/banner?lang=EN)",15/3/2025 0:48
HSKW-,Xilonen because she's better in general and she provides enough healing to max the fanfare stacks since Furina's C2 allows her to gain stacks faster.,15/3/2025 15:48
TatzelWyvern,"https://preview.redd.it/rjuoquetcyoe1.jpeg?width=3000&format=pjpg&auto=webp&s=4a7bcd7b04e32750ada2907db4a5bdf67bf95b6a

Do the puzzle here and it will create a phlog road for you to ride.",16/3/2025 1:13
fairyfrog69,"I'm pretty sure Varessa is supposed to be pretty strong, meta wise, so if looking for damage go for her. but as a cryo dps, wrio is pretty solid, you could play him both in freeze and melt. just pick based on what you want more - versatility or more damage",15/3/2025 19:17
HSKW-,"What exploration passive? Since you mentioned Lyney, I assume you're referring to the local specialty talent. Sadly, no 4 star characters have it, only Lyney and Clorinde have that talent for Fontaine.

[Source](https://genshin-impact.fandom.com/wiki/Utility_Passive#Resource_Finding_Talents)",16/3/2025 11:50
HSKW-,"There are no specific EM requirements for her since she already gets the max EM buff from her burst since it is based on the party member with the highest EM (Kuki). But some EM is still useful because of her ascension 4 passive. Basically, you should build her with EM/Dendro DMG%/Crit. You can check the [Akasha leaderboard](https://akasha.cv/leaderboards/1000007306/) to see how the top 1% Nahida builds look (they typically have around 70/160 Crit with 800 EM).",16/3/2025 12:05
HSKW-,"You could go:

* Gaming / Diona / Kaeya / Lynette
* Lisa (onfield) / Xingqiu / Dendro Traveler / Yaoyao

Ideally, Gaming is played with Bennett because he will have ER issues without him but I think you could make it work if you give favonius weapons to Diona, Lynette, and/or Kaeya.",16/3/2025 12:30
Honest-Access8584,Fastest**,16/3/2025 2:06
TheWhoope,"he still melts with xianyun, only citlali in place of furina, she is really good for him and provides him a good boost in dps so if you really like him she will serve you well, besides gaming will probably be in her banner if you need cons.",16/3/2025 6:10
CHONPSCa,"I use it on qiqi. qiqi needs a lot of attack so there's that. Also, physical is really the only damage you do with her anyway since her cryo application is dogshit + her talent tells you to go onfield at some point to apply a talisman or heal more.",16/3/2025 20:21
Goliadana,https://preview.redd.it/pnmkfqtmr4pe1.png?width=729&format=png&auto=webp&s=753ea16171631fc3bea45c87c2c7025501446f9d,16/3/2025 22:46
ReauxLimberry,"This was a huge help.

I know I definitely want to use Wrio and Baizhu.

Characters that hit my interest when coming back were also Xilonen, Mavuika, Kinich.

Ones I know I will be pulling for are Alhaithem, Nuevillete, Zhongli, and possibly Navia.

Weapons and artifacts I am fine with researching, but Characters I am not so good with as I feel there are so many and their kits have gotten much more intricate than 1.0 days lol.

Would adding a pic of my current roster help?",13/3/2025 20:29
GrandLepidoptera,what is cv?,15/3/2025 1:23
Strong_Schedule5466,I'll probably salvage everything besides exceptionally good pieces that could serve as temp pieces before getting 5*,14/3/2025 7:46
elalexsantos,That's fair. I wish I could pull for both since I really like Xianyun's exploration capabilities! I tried her in her SQ and she traversed a lot of distance easily.,15/3/2025 16:52
telepathea,thanks! i think im more leaning to wrio rn because i need another cryo dps.. i already have so many electro dps tooðŸ˜”,16/3/2025 6:40
0takuLife,Rip. And I lost my 50/50 to Qiqi when I pulled for Clorinde. I hope the interactive map works properly on console.,16/3/2025 16:05
TatzelWyvern,Thank you. This will finally give me some artifact sets to look up and farm.,16/3/2025 13:56
fake_saint,"Ah I see thanks for the explanation, then I might consider it to pull Xianyun",16/3/2025 6:12
MikaelPorter,"Mavuika Alhaitham Neuvilette Kinich and Navia are main DPS

Xilonen and Zhongli supports

Mavuika can be used as Sub dps too though

For Mavuika, her best team is Xilonen Bennett Citlali, but you can put Furina or Kazuha in her team

For Kinich, his best team is Emilie Bennett Xiangling, but you can use Collei PMC or Mavuika

Neuvillette best team is Furina Xilonen Kazuha, but Ororon, Fischl, Nahida, Zhongli, Sucrose, Xiangling, Mavuika, Kachina work too

For Alhaitham, his best team is Nahida Kuki Yelan, but Baizhu, Fischl, Yae Miko, Xingqiu, Furina work too

For Navia, i don't know her well, but she is the only geo character depending on cristalize reaction, so someone like Xingqiu, Yelan, Xiangling, Bennett, Fischl, Yae Miko work well with her

Xilonen is a character i 100% recomend pulling, not only she is very strong and versatile, you actually need her on most teams of the characters you mentioned

Zhongli is fine, but I wouldn't consider him a priority, Xilonen is a more important geo character and Layla and Lan Yan give a shield strong enough to occupy his place on teams

you can show me your current roster, ill see what teams you can use rn",13/3/2025 22:17
Due-Fan-6928,"CV = Crit Value. It is calculated for an artifact by doing Crit damage + 2 x(Crit rate), ie, double of crit rate and add it to crit dmg

It is used to check how useful an artifact piece is in terms of crit, so it's mostly used for dps. Having a 35+ CV piece is great. 40+ cv is insane. 45-50 CV is rare for most accounts and is pretty nutty.",15/3/2025 4:48
ReauxLimberry,"https://preview.redd.it/v1muj9085koe1.png?width=868&format=png&auto=webp&s=3e627ced807b07644e02d3b0165685e0ee2fa31f

Here is who I currently have. Literally just got Furina on a random pull haha. So yay!",14/3/2025 1:26
MikaelPorter,"For Wrio you can use a Freeze team with Furina, Jean and Bennett or a Melt Team, by swapping Furina or Jean for Xiangling  
For Baizhu you can use Tighnari, but you also need eletro characters, and you only have Lisa and she is not the greatest for off field eletro app, if you had Fischl it would be great, you can also use Furina for Tighnari, but youll still need a good off field eletro, and neither Lisa or Eletro Traveler are great at it

Your ideal teams right now would be  
Wrio Jean Xiangling/Furina Bennett  
Tighnari Baizhu Furina/Lisa Fischl

I very rarely recomend doing this, but you should think about saving some of those thingys from Paimon's Bargains for Fischl when she comes back, youll need 34",14/3/2025 9:33
Fantastic-Ad-1578,https://preview.redd.it/hemekau195pe1.jpeg?width=1334&format=pjpg&auto=webp&s=a3a1d0745d92e4fb7dd1bfffb1e967fc3eb9ac40,17/3/2025 0:24
NefariouslyEvil,Itâ€™s definitely not going to be him ðŸ˜­ Iâ€™m assuming all of the silhouette characters are going to come out before there are any leaks for him,17/3/2025 0:12
Busy-Apartment8285,Havenâ€™t capitano mains already had enough of hoyo? I mean look at the reaction to varesa. Itâ€™s gonna be such a mess over there if thereâ€™s another 5 star waifu before him,17/3/2025 0:09
Ewizde,"I've held this opinion for a while now but I genuinely don't think he's going to be playable in Natlan, I'm thinking either Snezhnaya or Khaenri'ah.",17/3/2025 0:32
PyroFish130,All I want is for them to complain about the lack of male characters,17/3/2025 0:15
dreamymelodic,"Another friendly reminder, donâ€™t put spoilers in thumbnails and titles. I donâ€™t wanna see it. Iâ€™d like to actually be surprised when something is officially announced.",17/3/2025 0:15
flare8521,"I mean harassments is an extreme, but Hoyo regularly ask for our opinion so I don't see anything wrong with telling them.",17/3/2025 0:56
philophobical,i agree you shouldnt harass people but be so fr da wei isn't gonna personally gift you an unlimited lifetime supply of primogems for defending that multimillion dollar company,17/3/2025 1:29
No-Wash9893,"I usually keep quiet and I'm already expecting Capitano not to be in 5.6. But I'll definitly be vocal If Ifa turns out to be a 4 star, I have my hate comments already prepared for his drip marketing if he turns out to be one. Kinich being the only male 5 star in Natlan is so stupid!",17/3/2025 0:08
KanisaN_69,When its gonna start today?,17/3/2025 0:02
MableDoe_42,â€œCAPITANO WILL BE PLAYABLE IN 5.7 AND HEâ€™LL APPEAR WITH DAINSLEIF!â€ *I scream as they drag me to the asylum.*,17/3/2025 0:50
BicecreamSandwich,"Listen. As a (coping) Capitano main.Â 


I just want him eventually. I don't even care if they destroy his kit worse then they did with Dehya. Bro could worse then Aloy.Â 


He could be the very last character to ever be released, I'm just sitting here patiently for him.


I just want him. And I just want to hear Chris Tergliafera's fantastic voice acting on my playable Capitano.Â 


(And yes it was mostly Chris Tergliafera that sold Capitano for me. My pfp literally has Gundham Tanaka. The moment I heard Capitano in the first trailer all those years ago I've been a fan of him and I've wanted him playable. I've BEEN waiting. I can wait as long as it takes)


But uh yea, harassing people is not cool. Don't do that everyone.Â ",17/3/2025 0:38
Ambipoms_Offical,"He WILL be there. Be there or be square.

https://preview.redd.it/82m9g89rv5pe1.jpeg?width=828&format=pjpg&auto=webp&s=e2642c97a9ee13fd76daf71fb9105d95606ecc6a",17/3/2025 2:32
RadiantDawn1,"I feel like I'm out of the loop. I know people wanted capitano to be playable, but why are we assuming that 5.6 is some determiner on whether or not he's coming back? Don't we usually go to x.8 now?",17/3/2025 0:31
DamnedestCreature,Listen. All I'm saying is that if 5.6 has another annoying half naked waifu with a shallow cutesy personality - which it looks like it will - I WILL be very annoying and obnoxious about it. I've had enough of shallow waifus. At least write cool women if you insist on releasing so many of them.,17/3/2025 4:31
Lilbrimu,"Why are Capitano fans more deranged than Signora fans? I didn't see this amount of whining when Signora died, at least Capitano still has a chance.",17/3/2025 0:27
LegendaryPotatoo,Alright good sir,17/3/2025 0:05
MoreSaltyThanSalad,"As someone who desperately wants Capitano to come back, Iâ€™ve been seeing leaks he wonâ€™t come back until 6.3 because Dottore might resurrect him and Iâ€™ve come to accept that",17/3/2025 4:39
chris_9527,"Do people really expect him now? I donâ€™t know how much room for interpretation the character forecast has but I fully expected the remaining four teased characters (Ifa, Skirk, Dahlia and Fontaine girl) to be playable before the rumored 17th Natlan character arrives",17/3/2025 1:04
Aemeris_,â€œNot everything will go your way.â€ This is such an ignorant comment. Nothing has gone any male appreciators way for a long time in genshin. Enjoy your fat cow of a character coming out,17/3/2025 4:16
Samm_484,Sanest fatui idiots be like:,17/3/2025 5:06
not-Kunt-Tulgar,Me when I just want men in my game doesnâ€™t even have to be Capitano.,17/3/2025 5:18
Isekaidguy,When is it?,17/3/2025 5:42
aerios,Why would anyone got angry whether some chars playable or not,17/3/2025 5:46
EnchantedLeo3878,"> Not everything will go your way. Chill, tf, out

That's the thing, nothing goes our way.",17/3/2025 5:52
so_this_is_username,I love capitano too but is he even confirmed to be playable? Like what is the fuss is about?Â ,17/3/2025 6:01
WyvernEgg64,i wasnt thinking about doing that but reading this post is tempting me,17/3/2025 6:18
tur_tels,Ngl I'm just craving some Skirk bits rn so I hope we get something about her,17/3/2025 2:54
MagucaStan,We kind of already know that he's not coming any time soon since they teased the upcoming units already and he's not in the line-up,17/3/2025 1:34
Driannos,"The sheer fact that this has to be said makes you think how impatient the players are. People need to stop assuming shit that isn't officially announced nor doesn't have any concrete evidence for things to happen. You're just setting yourselves for disappointment. Chill out, play the game. If it's boring right now for you, leave and come back when it's interesting enough for you. Clinging to uncertainty is just gonna be painful when it doesn't happen.",17/3/2025 2:05
jamukoi,Isn't that chef girl gonna be the next character?,17/3/2025 1:23
GodlessLunatic,Can someone remind me why people assumed he'd be in 5.6? Isn't 5.7 supposed to be the Dainslief patch?,17/3/2025 1:36
moojee_,"Why are people still expecting Capitano in 5.6 or 5.7? Hoyo literally gave us a roadmap of characters. The next characters in line will be Ifa, Effie, Dahlia and Skirk. If Capitano is even playable, 5.8 would be the earliest (Assuming there's 5.8, if not then 6.0).",17/3/2025 1:08
vbv70807,Technically itâ€™s toxic Genshin community in its natural habitat. Complaining about everything that Genshin does but canâ€™t stop playing the game,17/3/2025 1:38
HermanManly,"How many times do I have to tell you?

Kaeya is Capitano

be patient for the reveal",17/3/2025 2:06
RatFart000,How I get beta?,17/3/2025 0:10
Itspronouncedn0m,I mean itâ€™s pretty clear that heâ€™s not. Like he would have been with Ifa skirk and the others if he was gonna be in 5.6. At this point youâ€™re just dumb if youâ€™re harassing people cause heâ€™s not in 5.6.,17/3/2025 1:25
LengthyLegato114514,"No, please do. Please also attach your UIDs

This shit is funny and I wanna see it go down ðŸ¿",17/3/2025 1:49
Ne7herstorm,He won't be playable lmao,17/3/2025 2:06
Charlesiaw,"nah lets go crazy  
cause chaos",17/3/2025 0:18
AutoModerator,"Hi u/N-Clipz, please consider checking the most recent pinned weekly question megathread here https://www.reddit.com/r/GenshinImpact/about/sticky when you have a moment to help fellow community members. Thank you.

*I am a bot, and this action was performed automatically. Please [contact the moderators of this subreddit](/message/compose/?to=/r/GenshinImpact) if you have any questions or concerns.*",16/3/2025 23:58
QWERTYAF1241,"Capitano is literally a statue and his soul is taken hostage for eternity so how would he be playable? Even if his soul was allowed to come back which he doesn't even want to live any more, someone would have to take his place as part of the deal. That would have to be Mavuika, which obviously isn't happening, or a bunch of Natlanese, which neither Mavuika or Captaino would agree to as they could have sacrificed a bunch of them hundreds of years ago if they wanted to.",17/3/2025 0:43
Ravemst,Let the man rest. All he wanted was to find a place to â€œdieâ€ and lay his people to rest and he didnâ€™t all while giving the finger to death itself. Let him be.,17/3/2025 1:04
Reckless_SavageRI,Bold of you to assume they can read,17/3/2025 3:12
Power_is_everything,"Was there even anything to support it? After 5.3, there was almost no chance for his playability. If anything, there's a higher chance that he'll be playable as Thrain, knight of Khaenri'ah. But I'm still doubtful unless they tie it in with some time travel/shift stuff.

Appearance is also one of the many selling point characters has, if we're being real. A faceless character doesn't feel like it would've cut it for HoYo, ngl. Also, the rest of the Fatui that did become playable had their own base identity as a playable entity in the end.",17/3/2025 2:14
pissgatorade,"Isnâ€™t the 5.6 banner pretty much confirmed Effie, maulani/kinich, kokomi, and Emilie",17/3/2025 1:17
Specialist-Radio-418,"A lot of people only know how to complain about things in Genshin, if people don't like it, they just stop complaining and don't play",17/3/2025 0:57
IrregularOccasion15,"Have they released pyro powers yet? I haven't played since 5.3, and I guess, from what I've heard, that they're probably reeling from the debacle that was hydro. Idk. But I'm still waiting on the pyro powers.",17/3/2025 0:57
LazyNatLikesSky,"Wait, Captino is a playable character?

But isn't he from the Fatui. Ik Arlecchino is also from the Fatui, but still.

Then is it possible to get Doctor in 6.0",17/3/2025 4:13
CrocoDIIIIIILE,"And then he wakes up in 6.2, trust me.",17/3/2025 3:27
sluurpiee,Iâ€™m pretty sure the next 5* that they show will be the chef girl from that teaser.,17/3/2025 1:04
arbabarda,What makes you think it's going to be playable in the near future?,17/3/2025 5:01
Fickle_Hotel_7908,They main capitano even if he's not playable? o.o,17/3/2025 0:23
X-zoro-x,Why do you care if youre not in the sub ðŸ˜‚,17/3/2025 0:39
Ball-Blam-Burglerber,He at least has to stand up again first.,17/3/2025 0:48
Relevant-Rub2816,"This. Honestly I don't care who, a fatui harbinger, a random character, or ifa. Just want a male 5* at this point.",17/3/2025 3:35
Muppetric,#NAME?,17/3/2025 0:37
Low-Shoe5386,Lack of male character isn't gonna fix rn. These things are made a year ago not in a month,17/3/2025 0:57
Deleted,[deleted],17/3/2025 1:36
bannedfor0reason,Why?,17/3/2025 5:30
Sybiosis,Ngl if capitano gets leaked then i think everyone will end up seeing it because it will probably be everywhere,17/3/2025 0:36
N-Clipz,I didn't ask for such.,17/3/2025 1:30
Gremlinonthebus,"Okay so my conspiracy theory is HOYO deliberately put Wrio in the Furina banner knowing she dominates in sales, so they can justify their ""players don't want male 5 stars actually - look at the data"" argument.
I know they don't care about anything outside of CN sales, but this is just getting mean at this point.",17/3/2025 1:29
NoBet5141,"yeah the sad truth is Kinich is probably gonna be the only male 5 star of 5.x, genshin is really dry on limited males atm.",17/3/2025 1:11
0HHHHB0Y,"I'll show this fandom the real "" complain impact""",17/3/2025 2:56
N-Clipz,"""I have my hate comments **already prepared**""

People like you are why I made this post.",17/3/2025 6:13
aranara123,He is a 4 star thoughðŸ˜…,17/3/2025 0:25
bannedfor0reason,Why?,17/3/2025 5:30
GetRickRolled42069,I think like a Day before the Live Update,17/3/2025 0:05
AlusiveTripod,I remember seeing Dehya's beta numbers with each passing week they kept nerfing her for some reason,17/3/2025 0:41
Tough-Guidance-7503,"They think in Simulanka where Aether/Lumine got stuck in a throne chair and you had to press three times just to be able to stand up again since a gum/glue substance got stuck in your butt is an allegory for when Capitano sat on the throne and will stand back up again in the next three patches.

An interesting theory but not confirmed tbh.",17/3/2025 1:46
Kindness_of_cats,"Itâ€™s just that Capitano fans are basically deranged, and have been throwing shit fits every single time we get a new beta and itâ€™s confirmed heâ€™s not the 5 star.",17/3/2025 1:06
Ball-Blam-Burglerber,"I assume part of it is that Capitano isnâ€™t technically dead, whereas Signora got mucho Hitachiâ€™d.",17/3/2025 0:46
Mascoretta,"As a Capitano fan I think itâ€™s because 1) more people believe Capitano will be playable after Arlechinno was made playable and because his leaks, unlike Signora, make him seem more likely to be playable than not. Signora straight up had a model that was unplayable and 2) just general impatience as more female characters are getting released (mostly with characters like Varesa who werenâ€™t really in the story at all) 

I do get why fans are frustrated â€” I think if Genshin wasnâ€™t releasing male characters so sparsely the frustration would be a lot more minimal. But itâ€™s still not an excuse for the aggression and excessive doomposting some fans have been spreading. This is why I always advise people to keep their expectations low â€” or else youâ€™ll become very negative really quickly when you feel disappointed.",17/3/2025 0:39
let_us_not-,"Most likely because theres not a lot of ways they can make sense of him coming back after Natlan is over + the simulanka references have been spot on up until now so if the part about him not getting off that throne is the only one they manage to fuck up then obviously the players have got every right to be upset. that along with the fact that hes literally the number 1 harbinger but his story so far was relatively underwhelming, so people were already salty about the way he was handled. signora didnt have even half of that going for her.",17/3/2025 1:00
Particular_Painter_4,"I'd take a guess and say it's coz Signora acted more like a villain compared to The Captain who was actually honorable and had a great first impression compared to the former who hasn't been gracious at all since the game's release. This was left festering for around a year till her conclusion when Inazuma was released.

That or there was little to no precedence of Fatui Harbingers being playable, with one exception being Tartaglia at the time. Now we have 3 playable harbingers with so a precedence has been established, creating an expectation that none-evil and redeemable Fatui Harbingers will be playable. 

I'm not saying one should happen or the other or vice versa. That's just been my observation since Genshin released back in 2020 with the impression and pattern Mihoyo has been displaying for almost 5 years.",17/3/2025 0:37
Cocogoat_Main,Because Signora was a bitch ass hoe through and through.,17/3/2025 1:03
N-Clipz,"Because like how people acted with toilet paper during Covid, something about Natlan turned the fandom is psychotic screeching manchildren.",17/3/2025 6:15
gtasthehunter,"So as of now Capitano's Body is more like an emtpy vessel?  So something could take over his body?  If so would it really be Capitano anymore?)

I still don't think Signora is really dead!  It was proably just pupplet, cause of all the puppet talk that was going on! 

I don't really care either way.",17/3/2025 2:01
N-Clipz,Entitlement of male karens.,17/3/2025 6:11
Honmii,"Lan Yan wasn't too, and? Sunday wasn't too, and???",17/3/2025 2:11
N-Clipz,The truth teller gets downvoted. Damn.,17/3/2025 3:41
Honmii,1. Lan Yan wasn't in the road map 2. Sunday situation v.2 3. They are updating his files.,17/3/2025 2:11
Reckless_SavageRI,"You need to be alpha first, then do negative aura farm and then you will be demoted to beta

Source: I asked my brainrotted cousin

Joke:)",17/3/2025 3:17
PressFM80,Lan Yan didn't release in 5.3 then ig,17/3/2025 2:56
Reckless_SavageRI,yapyapyapyap,17/3/2025 3:16
Honmii,"Let yourself read lore first, lmao",17/3/2025 2:12
PressFM80,"Capitano's whole identity is being faceless, giving him a face would prolly neuter his possible sales

Also his model is a playable model, and it's been gettig a couple of updates since 5.3, so it's getting more likely that he comes back (when? Idk)",17/3/2025 2:57
PressFM80,"Pulling shit out your ass???

We don't even know the new character for 5.6, much less the reruns",17/3/2025 2:55
Juleamun,"Yeah, same banner as Signora's resurrection. We went through this, already. Signora mains still crying in the corner creating theories on how she's coming back or not really dead. (That was a clone made by Dotore that the Shogun ashed, BTW) Don't be like them.",17/3/2025 3:59
Lucas-mainssbu,"I just hope she looks badass instead of cutesy-utsy, that silhouette has a lot of cool potential, Varesaâ€™s silhouette already told me I wouldnâ€™t be much of a fan of her character",17/3/2025 2:22
DinoHunter064,"Or Skirk. Which, there's going to be a separate shit show for her due to people (1) expecting her to be a 5\* and (2) bitterness that her leaked design wasn't official. Skirk's release is going to be a really bad time to be in the community.",17/3/2025 2:40
SovieticSushi,There's a whole signora mains subreddit... coping since 2.1,17/3/2025 0:43
Mysticbean6401,man iâ€™m a pantalone main (likely wonâ€™t even appear for another year then probs wonâ€™t be playable),17/3/2025 0:25
Lucas-mainssbu,"The Harbingers have each their own subreddit and FatuiHQ, this is pretty normal",17/3/2025 2:23
Honmii,If only you can read you would know we have files that confirms his playability.,17/3/2025 2:07
get_on_with_life,Thereâ€™s been an Iansan main subreddit since 2021,17/3/2025 4:22
Busy-Apartment8285,I donâ€™t really care that much. Just saying my thoughts from what Iâ€™ve seen of that sub,17/3/2025 0:49
SorrowStyles,"It'll take some warm water, his butt is frozen to the seat, don't use boiling water, we don't want to cook him.

Points if you get the Hoyo reference",17/3/2025 0:58
PyroFish130,Omg yes! I love Mavuikaâ€™s suit but why the hell does that zipper go alllllllll the way around?!,17/3/2025 0:58
PyroFish130,I know but maybe enough complaining will get them to make the 4* males they plan to release into 5* or something. Or to realize they need to quite with the wifu pandering,17/3/2025 0:59
X-AE17420,"They always go back to waifus when they need to make profit, low male character sales wonâ€™t pay the bills",17/3/2025 1:15
UsernameBoxFiller,almost as if saving is easier when there's one 5\* male in a year,17/3/2025 2:20
Dependent-Hotel5551,F-A-L-S-E,17/3/2025 2:28
NoBet5141,"yup and it's even worse with genshin delaying the drip marketing now, the new characters are already shown everywhere on social media and it's almost impossible to avoid the leaks :( there was no avoiding all the mavuika stuff, imo",17/3/2025 1:13
dreamymelodic,"I already saw a video saying he was coming in 5.6 on my YouTube recommended. Itâ€™s probably fake, but I donâ€™t know. I try to avoid leaks at all costs but I still get things like this. Itâ€™s so annoying.",17/3/2025 1:39
Ok_Shake_5715,"No shit sherlock. If theres so little male characters in the first place, how are they gonna compete with a gazillion female characters being released by hoyo?? I hate when comment say â€˜male dont sell well compared to femaleâ€™. Of course theyâ€™re not, dumbass. Look at how many male hoyo has released in 2024 alone. So fking disgusting man. Then, the players who wanna pull for male characters are surely gonna have some wishes saved after a long time of male drought. That contributes even more to the issue â€˜male dont sell wellâ€™.",17/3/2025 1:50
Ok_Pattern_7511,"Brooo this is beyond a conspiracy theory that's just delusional 

You know Hoyo has access to all the real pull data right??

They're not looking at estimates, they don't rely on sensor tower incomplete and inaccurate data. They have actual data they know where every single pull went.",17/3/2025 2:07
No-Wash9893,"I know but at the same time were not sure since beta hasn't started yet. Who knows Mihoyo might make him a 5 star. But I doubt it, thats why I added 'If'",17/3/2025 0:30
KanisaN_69,Ohhh thx,17/3/2025 0:52
BicecreamSandwich,And yet ill still play her because I love her.Â ,17/3/2025 0:51
InternationalAd5938,They knew she would sell on design alone so they could sell other characters for their power.,17/3/2025 1:12
RadiantDawn1,Tbh that would be pretty cool symbolism if his fatui symbol is also the three nails one.,17/3/2025 2:07
You_are_all_great,It also could be 3 years ...,17/3/2025 5:23
gtasthehunter,"How do we know that wasn't just a puppet that was defeated!

And Capitano's Body is more like an empty vessel! Nobody Home!",17/3/2025 2:04
Driannos,"Well, people are selfish. They wanna get what they want and if it doesn't happen, they need to blame something.",17/3/2025 3:55
Itspronouncedn0m,Lan Yan was teased before the silhouettes were released. Lan Yan was dripped marketed around like the end of November while the Silhouttes was dropped like the end of december. So she wouldnt had been there in ther first place cause she was already dripped marketed.,17/3/2025 3:45
Power_is_everything,I'm not disagreeing with you. Just stating how it seems from HoYo's disposition these past years.,17/3/2025 3:14
pissgatorade,Keep this same energy when this is leaked true btw and donâ€™t delete ur comment either ill remind u dw,17/3/2025 2:58
NefariouslyEvil,Signora has no hope of coming back but Capitano has a chance >!considering heâ€™s immortal and not actually dead!<. If he does have a chance of coming out it definitely wonâ€™t be soon lol,17/3/2025 4:42
GTA_6_Leaker,"her silhouette reminds me of falling devil from csm part 2

also I remember a sus leak about her attacking enemies by throwing knives at them 

she seems like a badass character who would have some cool animations and apparently according to leaks she's neuvillette's new bis teammate with 45% hydro res shred which is just massive",17/3/2025 3:09
sluurpiee,I donâ€™t think skirk will be announced yet unless the next major story will heavily involve the Abyss,17/3/2025 5:10
Individual-Tap-8971,"Atleast there's more chance for him to not die, considering he's not a fighting harbinger. (Afaik)",17/3/2025 4:32
X-zoro-x,Kinda weird you look in just to see peoples reaction but anyway,17/3/2025 0:52
ask_not_the_sparrow,Easy access?,17/3/2025 6:02
Low-Shoe5386,Still not possible to change it in the middle they are probably preparing for snezhaya rn. I still don't understand how they make a 6 weeks update across all servers without delaying. They are probably trying to gather money from fanservice as natlan is only possible region where short clothes are possible due to hot weather. Snezhaya will be sweater and woolen clothes,17/3/2025 1:12
iTyroneW,"Look at the top grossing gacha game right now. it's literally an all male cast. There is absolutely no reason for there not to be male 5 stars.

And this is coming from a straight dude. I want more badass dudes like wrio and neuv...... but hoyo has gone full gooner.",17/3/2025 1:25
Deleted,[deleted],17/3/2025 2:39
Sybiosis,As someone that dreams a lot i can say that you would have seen it a lot more if it was true but atm it isn't,17/3/2025 3:59
GTA_6_Leaker,alhaitham also has a peak design that's universally loved and he's the 2nd strongest character in all of sumeru as well as the best main dps in the game until neuvillette's release,17/3/2025 3:13
Ball-Blam-Burglerber,"Youâ€™re right, actually. 3D models are all just digital puppets.",17/3/2025 2:08
PressFM80,"I'd probably forget about this comment anyway, so thanks for the reminder ig?

And I can also say something and say ""keep that same energy when it gets leaked lol"", doesn't automatically mean it's true. For all we know, Skirk is the 5.6 character and not Fontaine chef, and the reruns might be the playable Harbingers because why not, or maybe there's no new character in 5.6 and hoyo just stuffs a bunch of new characters in 5.7, maybe you are right, we don't know that yet",17/3/2025 3:03
Critical_Concert_689,"Hoyo would have to redo a major area of the map and change the way Traveler interacts with Pyro Constellations if this were to occur.

It won't happen.",17/3/2025 5:37
Individual-Tap-8971,"In freeze teams specifically, So probably Neuvilette, Furina, Citlali, new character (>!akeffi/effi I think is the leaked translation!<).
The only problem I see is the lack of draconian stacks... won't that make that team worse then neuvilette's premium team anyways?",17/3/2025 4:31
Herbata_Mietowa,"Then I hope those leaks are wrong, cos they're speeding up with numbers inflation too much for my liking...",17/3/2025 5:51
Busy-Apartment8285,You know I actually think and hope heâ€™s playable so I have visited it on occasion just to see theories. But you canâ€™t tell me they arenâ€™t furious with hoyo rn lol,17/3/2025 0:58
EnchantedLeo3878,"Im also a straight dude who wants more male characters in this game, but the other person is not wrong for saying  they go back to releasing ""waifus"" to make profit, cause ""waifus"" do sell but like you said, the top grossing gacha games selling well despite having an all male cast, that is because those devs know what players want.

Hyv thinks we want more waifus so we could g00n or something when in fact that is not the case, they don't realise releasing male characters WOULD sell well.",17/3/2025 5:57
BookThink,More men will probably be fine for them but LaDS and genshin have completely different audiences. LaDS is also much more gooner than genshin.,17/3/2025 3:07
aqbac,If you mean lads it doesn't make more than genshin. It makes more than genshin mobile sales on ios,17/3/2025 1:58
Archer-Secret,Using exclamation marks will not make your point any more valid.,17/3/2025 3:22
gtasthehunter,"Raiden Shogun and Wanderer bodies are puppets!  And Ei isn't always in the body!  So how do be know there wasn't another puppet!

How do we know we won't find a way to time travel again to bring other characters back to be playable!",17/3/2025 2:31
pissgatorade,Weâ€™ll see ðŸŒšðŸŒ,17/3/2025 3:19
NefariouslyEvil,"Someone could take his place? His soul could return to a different form? They donâ€™t have to redo anything. The only thing that would change is lore; you can write your way out of anything and Hoyoverse has the ability to do that very well. Also by not releasing him itâ€™s a huge financial loss.

I donâ€™t have high hopes heâ€™ll come out but definitely a better chance than Signora because she is literally dead and not coming back!",17/3/2025 5:58
GTA_6_Leaker,"her c1 makes it so you can use 1 non cryo/hydro character

so neuvillette furina xilonen + effie

or neuvillette xilonen citlali + effie for high resistance bosses like the 150% res lava statue",17/3/2025 4:33
GTA_6_Leaker,"even with c2 citlali + xilonen + zhongli (kazuha doesnt work because the boss has permanent pyro aura), right now you can only shred 96% of the 150% res which makes the effective hp of that boss somewhere around 11 million, almost triple the hp of a regular boss in abyss, and that's only for hydro and pyro characters

and if you use arlecchino or mavuika you can't even melt off of citlali skill because the boss is pyro infused

for other elements the options for res shred are even more limited

the 150% res boss is utterly atrocious and it's just an example of how lazy mihoyo has gotten with balancing",17/3/2025 5:59
0HHHHB0Y,But mobile is one of the largest if not the actual largest market for gacha games.,17/3/2025 2:49
AmethystMac,That would be stupid if hoyo made that decision,17/3/2025 4:41
aqbac,I think it was the recent court case revolving around the genshin advertising fines but there is numbers our there that show even if mobile is biggest that genshin gets a shit ton from Playstation and PC players. Lads on mobile only is not beating genshin from all 3,17/3/2025 2:52
GeshuLinMain,"Y'know, because they went extinct?


I'll see myself out",16/3/2025 16:56
No-Wash9893,"Nod Krai: 0

Varka a NPC, Dottore and Pantalone killed off. I could actually see that happening ðŸ˜",16/3/2025 17:17
MableDoe_42,"â€œPANTALONE, DOTTORE AND PIERRO WILL BE PLAYABLE AND THE NEW META IN 6.0!â€ *I scream as they drag me back to the asylum.*",16/3/2025 17:52
Celestiaaaaaaaaaa,ifa WILL be a 5* trust ðŸ™ðŸ™ðŸ™,16/3/2025 17:10
Joyluvio,"Looking at this hurts, barely any 5 star malesðŸ˜­",16/3/2025 17:39
hellagaymom,"God looking at this has made me realise actually how few 5\* male characters there are total, not just recently :(",16/3/2025 19:24
jOnNy_rAzEr-cLoNe-,"Me when no Ryeoslay, Noovilette or even lynee when saying goodbye to Fontayne:",17/3/2025 0:39
Unusual-Bet3351,I don't want 5.6 beta to come. It's going to be so heartbreaking once Ifa is revealed to be a 4 star. ðŸ’”,16/3/2025 22:14
belle_fleures,"I'm still thankful for myself for saving and successfully getting Kinich home, jk I'm just obsessed with collecting dendro characters.",16/3/2025 17:45
pinapan,"Please Ifa be a 5 star, idk how but please be a 5 star T\_T",16/3/2025 21:40
laeiryn,And you can tell it's KILLING them having to run Venti instead of Kazuha XD,16/3/2025 23:00
AutoModerator,"Hi u/GeshuLinMain, please consider checking the most recent pinned weekly question megathread here https://www.reddit.com/r/GenshinImpact/about/sticky when you have a moment to help fellow community members. Thank you.

*I am a bot, and this action was performed automatically. Please [contact the moderators of this subreddit](/message/compose/?to=/r/GenshinImpact) if you have any questions or concerns.*",16/3/2025 16:55
TheLuiz212,Jesus Christ,17/3/2025 4:50
MiserableOrpheus,Waiting for Capitano to show up in 5.6 and make genshin peak,16/3/2025 20:45
CocHXiTe4,Why no kanekeriah,16/3/2025 23:07
Undead-emperor,Father not being on this list makes it seem lack luster,16/3/2025 18:34
RugaAG,Childe aint from Liyue,16/3/2025 17:15
Koto_57,"from 2.0 to 2.5 there was 1 new 5 star male, from 5.0 to 5.5 there was 1 new 5 star male, nothing changed",16/3/2025 17:11
Efficient_Chip8124,They did a year of male characters sales clearly did not meet expectations,17/3/2025 1:13
Exciting_Sweet_1064,"Good, we need more sexy Waifus.",16/3/2025 20:09
Main_Elk_8992, All Natlan men died,16/3/2025 17:04
Ok_Shake_5715,"Wow. Cyno using wriothesley pfp with genshu lin username. Stealing identity now, arent we?",17/3/2025 1:58
GeshuLinMain,I hate that I can also see that happening ðŸ« ,16/3/2025 18:01
GeshuLinMain,"""CAPITANO WILL BE PLAYABLE AND POWERCREEP MAVUIKA!"" *I scream as they put me in a straight jacket*",16/3/2025 17:58
aranara123,"Truth be told, I think the reason why we have so little male characters in this version is because many harbingers are men, so they need to put more female characters in this patch so that less people will complain in the next version",17/3/2025 5:22
GeshuLinMain,"Whatever copium you're on, I'm on it too",16/3/2025 17:56
MableDoe_42,I fear Neuvillette will be the last tall male character that reached metaâ€¦,16/3/2025 19:24
pureteddybear2008,"Fr. In a cast of like 100, only 16 are 5* men. Absurd. I'd love to see the comparison with 5 star and even four star women",16/3/2025 22:55
GeshuLinMain,"That was a major red flag ngl I was like ""uhh what's going on?""",17/3/2025 0:41
GeshuLinMain,"I mean, there are no playable 5* men from there right? (Ones that have been released I mean, I know Dain will be playable but he isn't yet)",16/3/2025 23:08
giveittosuga_,hes from the liyue cycle,16/3/2025 17:20
a_e29,"Well, try saying this to Hoyo, they even added him to the Liyue Chronicle Wish. Childe got Liyue citizenship at this point fr",16/3/2025 17:41
medikiwi,"Right before 2.0, Kazuha released, it only took 3 patches after Kazuha to get another 5 star male in Itto, then 3 again to get Ayato. Before Kinich released in 5.0, the last 5 star male dropped in 4.1, it's just disingenuous to say nothing changed when Kinich has been the only 5 star male in over 16 months, a timeframe that might increase to almost two years if neither Ifa or the other boy in the silhouettes are 5 stars",16/3/2025 17:25
GeshuLinMain,"And there was only one 5 star male in all of 2024, something HAS changed loool",16/3/2025 17:31
GeshuLinMain,Is your uncle John Hoyoverse by any chance??,17/3/2025 1:53
Joyluvio,https://preview.redd.it/mys0xe41j4pe1.jpeg?width=828&format=pjpg&auto=webp&s=38c40db8b1ac23990af76f4ad6ad76b964f3ad2d,16/3/2025 21:58
urmomismine1007,https://preview.redd.it/hiz9q5ys54pe1.jpeg?width=1080&format=pjpg&auto=webp&s=fe84e18970093e23ff7ebc3b485a8e4e71d58454,16/3/2025 20:44
pureteddybear2008,Waifu enjoyers in the waifu game when husbando enjoyers beg for scraps:,16/3/2025 23:01
communistInDisguise,npc: huh?,17/3/2025 5:24
GeshuLinMain,"Basically, I'm no one",17/3/2025 2:04
kankri-is-triggered,Take a bigger dose. Ifa AND Dahlia will be 5-stars ðŸ™,16/3/2025 20:54
Taro_Acedia,I mean most tall male 5\* star (as little as there are) were meta.,16/3/2025 20:49
NotAGayAlt,"Ororon might not be a 5* but heâ€™s definitely â€œmeta,â€ whatever that means in the context of a game thatâ€™s super teambuilding/synergy specific.",16/3/2025 22:41
GeshuLinMain,I actually made all of these but it won't let me share them here in my current browser lool,16/3/2025 23:09
CocHXiTe4,"True, thereâ€™s only Dain. Hopefully Genshin makes more quests based off that timeline of kanekeriah still there. Maybe a magical Time Machine or something",16/3/2025 23:10
Borosepheles,Well yeah but Baizhu is from the sumeru cycle but he's in Liyue. OP uses nation of origin in some places and patch cycle in others.,16/3/2025 17:37
RugaAG,"No shit.

Snheznaya isnt out yet. Did you want him to stay at level 19 for 6 years?",16/3/2025 18:31
GeshuLinMain,^ this,16/3/2025 17:32
Koto_57,"This is true, but op take is just shit,his liyue tier has units from 1.1 to 3.6, and childe not even liyue char",16/3/2025 18:10
Koto_57,then your original take make no sense,16/3/2025 17:57
Efficient_Chip8124,the results speak for themselves kinch being the only five star and yes ifa is a four star. it's pretty obvious sales did not go well,17/3/2025 1:59
Ok_Shake_5715,But youâ€™re using wriothesley as your pfp. So ill forgive you for that,17/3/2025 2:28
GeshuLinMain,"I think the key here is, he is not necessary or even best in the top meta teams afaik",16/3/2025 23:06
GeshuLinMain,I'm hoping we will somehow go to the ruins of khaenriah at some point tbh,16/3/2025 23:12
GeshuLinMain,"No, I used the nation they are affiliated with actually. Baizhu and Childe were both on Liyue chronicled wish. Childe's story prominence happened in Liyue, but Baizhu was never seen in Sumeru lol.",16/3/2025 17:55
medikiwi,"Even if the units were ordered by when they released instead of which region they belong to, so 1.X cycle, 2.X cycle and so on, the point still stands, something has changed and that is the fact that there 100% is a lack of 5 star male releases when compared to the previous 4 years
(not that the ratio was ever fantastic anyway, but still)",16/3/2025 18:22
GeshuLinMain,"And there's only one 5 star male in all of Natlan, so I think my point stands either way? Lol",16/3/2025 17:59
GeshuLinMain,"Afaik Kinich beat Mualani in sales and the reason Mavuika's banner did best of all is not because she was female, it was because she's the most power-creeping, powerful main DPS in the entire game. Whereas Kinich is average, his playstyle is janky, and his trial was horribly executed.


There's other reasons besides ""he's male"" that he *might* not have sold well. And there's other reasons besides sales that hoyo has gone waifu impact rn",17/3/2025 2:06
CocHXiTe4,I think there was a quest about that but we couldnâ€™t go there,16/3/2025 23:13
StoryLow5246,"I have no issue with how you assigned the characters in each region OP but isn't it funny if you put in Snezhnaya there. Region isn't even out yet and they already have 1 playable male character. Drives in the point that, as far as male characters go, Natlan is just disappointing.",16/3/2025 18:29
RugaAG,"So you have Wanderer in Sumeru, despite him being from Inazuma, since his vision casting is Sumeran

You have Baizhu in Liyue since hes from there, aswell as his vision

But you have Childe, whos vision casting is Snheznayan, just like Arlecchino, but you have him in Liuye?

Dude pls.

He's ""affiliated"" with Liyue because his home nation isnt out yet. Thats why he and his weapon use materials from other places.",16/3/2025 18:29
Koto_57,"https://preview.redd.it/xjq7117qg3pe1.png?width=664&format=png&auto=webp&s=69df88ad4fa135ffc84e11f4e237b1d945e114fd

there was really dry versions on males and other way around",16/3/2025 18:25
Koto_57,"until natlan fineshed yes, but its just wrong to compare.",16/3/2025 18:22
Elira_Eclipse,"Lets not forget she's also with Citlali, another meta support.. It'd be impossible if that banner don't sell",17/3/2025 5:12
Efficient_Chip8124,"this is where the delusion and chronic reddit useage shows. no kinich did not beat her, those numbers are fake and made up. sensor tower is not actually accurate. its common sense they don't sell, the last one was 1.6 years ago apart from kinch. i don't spend anymore on male characters and i know alot of others who don't because the female fan base is so toxic and petty i won't support them. 

  
unlce404 who leaked the captain not being playable and that hoyoverse are stopping male characters making them alot less common and she said that over a year ago. everyone knows hoyoverse is moving from male characters",17/3/2025 2:11
GeshuLinMain,Loool hadn't thought of that but you're right,16/3/2025 23:06
giveittosuga_,"you could argue scaramouche was from inazuma, but the wanderer ""came to be"" in sumeru",16/3/2025 18:33
GeshuLinMain,"I'm curious why you're so pressed about this, like... it's a joke and my point still stands regardless? Lol",16/3/2025 23:07
medikiwi,"2 is not the same as 1 (and yes, Inazuma was another region which should've had more male 5 stars to begin with anyway), and even when it was â€œdryâ€ on female characters like people argue on Sumeru, the region still released 3 female 5 stars, not 1 like Natlan has done so far, or even 2 like Inazuma, this is, again, another disingenuous argument

and AGAIN, the bigger issue is the huge gap we have right now, we have never had only 1 female 5 star character in over a year, if they had even just swapped Wriothesley's release with Clorinde's this issue would've looked better optically for Hyv",16/3/2025 18:32
Koto_57,and natlan is just waifu based nation like inazuma,16/3/2025 18:27
doanbaoson,"We pretty much know the pipeline for the rest of 5.x patches already and it's not looking great. Ifa has high chance to be 4 star because Chasca from the same tribe already takes the 5 star slot. And Dahlia is from Mond, but might also be 4 star.",16/3/2025 18:52
Dependent-Hotel5551,"So you have all the data of hoyo to say who sold more instead of the people who does the maths and does the search :) 
How it hurts you so much that Kinich sold incredibly well that you have to take copium.
Iâ€™m so sad for you. I hope your copium gets better with time.",17/3/2025 2:49
GeshuLinMain,"""the female fan base is so toxic and petty"" but you sir are the one coming onto a totally harmless post and starting an argument. Do you see me going onto waifu memes just to spread my propaganda? No. Kindly step aside, you're not going to win this debate.Â 


Hoyoverse marketed a split gender game and that is what they should deliver. Otherwise it's false advertising, it's baiting, and if you were baited by a game thinking it would have plenty of waifus but it turned out to be mostly husbandos, I daresay you would be very, very disappointed, and you would have the right to speak up about it. *Just as we have the right to speak up about this.*",17/3/2025 4:57
Koto_57,argument? i just pointed out a fact,16/3/2025 18:39
Koto_57,"i agree its looks way better then just great, because skirk is yet to release",16/3/2025 19:04
Dependent-Hotel5551,"Literally people telling in your face facts to why is not the same and you keep going, canâ€™t you read?",17/3/2025 2:53
doanbaoson,"Well then OP's point stands correct, for now",16/3/2025 19:14
HalalBread1427,"Mavuika, Xilonen, and Kachina can climb them while in their Nightsoulâ€™s Blessing states. Characters who have high jumps like Kazuha, Iansan, Varesa, Xiao, Gaming, and anyone with Xianyun can also just jump to the top.

Edit: Comrade Ororon, Citlali, and Wanderer can also just float on up.",16/3/2025 17:42
SanicHegehag,"I just used Zhongli.  There's plenty of time to climb his pillar, hit the first one, then jump/glide to the second.",16/3/2025 17:42
ItzMillerxD,[Anyone except the tall females characters 'Can' climb the pillars but it takes a lot of practice ](https://youtu.be/3JlSKEBN2tE?si=rldkDBu27J11E2Eu),16/3/2025 17:43
Rorona_Zoro77,I used my level 20 Kachina for this. I've never used her before and I'll never use her again. She did well.,16/3/2025 17:49
transcended_goblin,"I mean, the game gives you Kachina for free.

I've used mine and she's barely level 40. I literally didn't use her except for this. She doesn't need to be levels or even geared, since you just need an attack, not a specific amount of damage.",16/3/2025 17:44
AncientPomegranate19,"I tried it with Kiraraâ€™s hold down elemental skill. While itâ€™s challenging, itâ€™s still doable",16/3/2025 17:51
Fones2411,GAMING,16/3/2025 17:55
TheIndoraptor123,"Who exactly do you mean by ""dash"" characters",16/3/2025 17:54
Deleted,[deleted],16/3/2025 17:37
Queer-Coffee,"Is this your screenshot? If so, you know that you can't climb them normally.

And idk what you mean by 'climb without using dash characters' if characters with a high jump like Lanyan also don't count.

So what exactly are you asking about? Whether there's some kind of hidden boss mechanic that lets you climb them regardless of the character you use? No, there isn't",16/3/2025 17:45
e_engi_jay,"Before I got Xilonen, I used Kazuha.",16/3/2025 17:47
IS_Mythix,Yes u can there's a bit that is a bit outward and u can climb onto it,16/3/2025 17:42
christed272,You can climb them. But only in a very specific angle that is hard to find at all times. Its horrible that we canâ€™t climb it,16/3/2025 17:42
AutoModerator,"Hi u/ValensRutto, please consider checking the most recent pinned weekly question megathread here https://www.reddit.com/r/GenshinImpact/about/sticky when you have a moment to help fellow community members. Thank you.

*I am a bot, and this action was performed automatically. Please [contact the moderators of this subreddit](/message/compose/?to=/r/GenshinImpact) if you have any questions or concerns.*",16/3/2025 17:31
marcwritesmoore,"This boss was the hardest for me to figure out. But I finally figured out how to comfortably use my Natlan characters to address this. Citlali is the most comfortable. I just let her float over each construct, then have her pillow plunge down onto the top. Then repeat. I haven't tried using non-Natlan characters yet.",16/3/2025 18:05
Live_Organization_12," I use Kazuha, his high jump makes it easy",16/3/2025 18:15
noobie_coder_69,Kazuha,16/3/2025 18:32
Aniulek_Maryjny,No. I literally used 20 lvl kachina with hp artifacts so she wouldn't die so easily,16/3/2025 18:33
enby_with_a_gun,"Albedo's elevator can get up there, then you can just dash jump n glide to the next pillar",16/3/2025 18:38
ILoveMadamHerta,"Kauha's jump is just high enough, I think",16/3/2025 18:42
imtakingthatback,"You can blink to the top with Alhaitham, Keqing and Chiori",16/3/2025 18:46
megadark121,"In addition to all the stated characters with nightsouls climbing and various jump abilities, I will always add when this question is asked; You can use any small character (yaoyao, klee et cetera.) to climb the small ledge half way up on the Left Pillar which is on the side closest to the boss.",16/3/2025 19:12
Hermit_Ogg,"I've tried plain climbing, doesn't work. Ofc I tried it with Kazuha, so when it was obvious that climbing got me nowhere, I just jumped up. (I just wanted to see if climbing works, obviously.)

Edit: another comment had a trick that apparently works, but it's not easy.",16/3/2025 19:36
summmerific,I used Xianyun to jump when I played the Abyss yesterday :),16/3/2025 19:53
Hyperion_507,"If I don't feel like using Night Soul teams, I like to use Arlecchino with Zhongli. Place the pillar with Zhongli and climb it. Then jump to the Phlogiston Pillar, and jump and glide from one to another.",16/3/2025 20:16
denkithepika2,i think tall male characters can jump up there if they jump at the lowest point (my alhaitham did it in the abyss earlier today),16/3/2025 20:24
Alan_Reddit_M,"You can climb on top by using zhongli's pillar, then use a long leap character like wanderer, kazuha or Xianyun to make it to the second pillar",16/3/2025 20:50
LiteMemorie,Sometimes Iâ€™m lazy and just let Albedoâ€™s elevator help me get up one of them. Then you jump and glide to the other one,16/3/2025 21:13
Constant-Citron8675,I use xilonen or mauvika,16/3/2025 21:19
SnowSnowFire,I've used Zhongli's pillar to get on the columns.,16/3/2025 21:23
ActuallyACereal,I usually switch to my Ororon then hold spacebar for his Lebron jump then plunge on the mechanism to break it.,16/3/2025 21:26
Dont_Flush_Me,If you jump and hit the right spot with Kirara. You can climb it.,16/3/2025 21:35
amitsly,I use Kazuha and just hold E. Easy.,16/3/2025 21:53
serialmeowster,Yes yes it is a very sad obstacle but fortunately game gives you Kachina for free,16/3/2025 22:24
Trainedbog,"Lan Yan, Keqing for me.",16/3/2025 23:09
Nekoruna,I saw a video a moment ago of a wriothesley showcase who just casually climbed the pillars without using nothing,16/3/2025 23:09
Interesting-Storm-72,Flew with wanderer,16/3/2025 23:25
SwirlyCheeze051101,Long shlong dongli can just get erect and climb (his pillar),16/3/2025 23:31
Plus-Garbage-2336,i use mavuika motorcycle,16/3/2025 23:48
Undine-Alien,"ik it's odd but if position ontop of a construct like traveller pr zhonglis pillar you can use stuff like zhonglis hold version of the skill with decent aoe to hit both at once.

hineslty I think they need to just enable bow characters to hit the things. it was annoying having to actually put kachina in my abyss team this time round just for thay boss.",17/3/2025 0:51
ImpressiveMention757,[https://www.bilibili.com/video/BV1BDQ4Y5EUS/?spm\_id\_from=333.1391.0.0](https://www.bilibili.com/video/BV1BDQ4Y5EUS/?spm_id_from=333.1391.0.0),17/3/2025 2:28
_InFiNiTy16,https://www.reddit.com/r/WriothesleyMains/s/cqdaY7lXtN,17/3/2025 3:02
BleezyMonkey,"kazuha hold skill makes him go up enough, you can then jump from one pillar to another.
zhongli pillar is also high enough you can climb.

there is probably bunch of other characters that can fly high enough",17/3/2025 4:06
Assistance8565,I saw Wriothesley climbing this ðŸ˜‚,17/3/2025 6:15
chocobubi,I use mavuika or kachina to climb those and interrupt its charged attack.,16/3/2025 17:40
OutDatedReferenceMan,I havenâ€™t been able to. I chalked it up to being a Natlantian only thing. Mav and Kachi can both scale them with their vehicles.,16/3/2025 17:53
FireRagerBatl,"Kazuha, ororon, citlali, varesa, iansan, xiao, gaming, xianyun and chasca can all jump on top

Venti, zhongli, geo traveller all have their own unique ways to get up

mavuika, xilonen and kachina just climb up like normal",16/3/2025 18:11
ChascaImpact,What about the goat ororon ðŸ‘€ðŸ—£?,16/3/2025 17:52
IHeartBadCode,"You can also do the thing I did the first time I did this without knowing anything about the boss.  Use Zhongli's pillar right beside one of the things, climb the pillar, jump over to the top, skillfully jump to the other one.",16/3/2025 18:17
sephirothbahamut,"Zhongli's and geo traveller comstructs as climbing tools also work, venti's skill works similarly",16/3/2025 20:22
LiDragonLo,"Keqing, chiori, alhaitham, and lanyan can get up there",16/3/2025 18:38
vaguelycatshaped,Iâ€™ve managed to get up there with Lan Yan too,16/3/2025 19:00
LetsSayUnusual,Wanderer and Citlali also,16/3/2025 18:18
KazooDragon,What about venti,16/3/2025 18:40
Mascherata9406,"You can also lunge yourself with Kinich and then plunge drop on the pillar, which is kind of a Dash with extra steps, but also an option",16/3/2025 20:43
limajhonny69,Iansan?,16/3/2025 19:11
TechnoLilly,Venti hold skill ðŸ™‚â€â†•ï¸,16/3/2025 20:27
shinyapplesauce,I used Alhaitham by targeting using his E,16/3/2025 20:47
SunGodSol,I believe Lan Yan's leap will get up there too,16/3/2025 21:19
LimpInvestigator98,"I use Zhongli's pillar. I put it next to those stupid rocks, climb the pillar and jump on 'em",16/3/2025 22:33
Gullible_Ad_2319,"You forgot Zhongli. Make your own, climb that and jump over",16/3/2025 22:42
FaithlessnessDue1811,"Kinich, Keqing, Alhaitham, Chiori, Lanyan, Zhongli, Mualani

Thereâ€™s actually a bunch",16/3/2025 22:53
bubble_turkey,"With venti too and if u use the craftable winds stuff probably anyone can do it , u just need to equip it",16/3/2025 23:09
Just_Dab,Mualani can also jump high enough.,17/3/2025 2:06
ScreechingPizzaCat,"I usually use Morax to summon a pillar, climb up it and jump over on the column.",17/3/2025 2:55
CrocoDIIIIIILE,"btw, Mualani can jump on them, too.",17/3/2025 3:28
Tasseikan33,"Wanderer doesn't need to even land on the pillars. He can just float over the top of one, do a normal attack, dash while floating to the next pillar, do a normal attack, and the pillar stage is complete.",17/3/2025 3:53
Unfair_Ad_598,You forgor Chasca,17/3/2025 4:56
hehesillygoose,Kirara in her box can hop up on the lower ledges of the pillar!!,17/3/2025 5:39
ThatOneWeirdName,Mualani can also easily jump up when surfing,16/3/2025 18:12
xielky,Thatâ€™s exactly what I did a few hours ago. I donâ€™t have Natlan characters and I donâ€™t use Kachina. Managed to clear.,16/3/2025 19:09
ValensRutto,"Well, seems like solo abyss Arlecchino cancelsâœï¸",16/3/2025 17:45
The_French_Soul,man i literally get nerfed because my exploration team is clorinde yelan dehya most of the time smh,16/3/2025 19:16
siowy,In abyss I saw yelan do it,16/3/2025 22:07
sephirothbahamut,"wownthanks! didn't know about the position for medium characters, finally i can do this boss with solo Fischl",16/3/2025 20:29
CTMacUser,Can Beidou or Dehya face-tank the boom with their Skills (assuming they're at a high level)?,16/3/2025 22:58
ValensRutto,"I used Chiori for it, but I need to climb on it.Â ",16/3/2025 17:50
TonkzJr,Even without Kachina (if you haven't started the Natlan AQ yet) Geo Traveler should be capable,16/3/2025 17:51
CloudyxRose,HE'S THE BEST BOY,16/3/2025 18:06
ValensRutto,"Mate, without dashes...",16/3/2025 17:40
ValensRutto,If you don't know that you could climb them pillars doesn't mean you can't! Furina and Lan Yan climbing on it without any skills.Â ,16/3/2025 17:48
AccualyIzShrek,That also goes for most of your team comps.,17/3/2025 2:45
ValensRutto,I tried many times - I can't climb on it using Arlecchino. But can using Furina and LanYan.Â ,16/3/2025 17:43
ValensRutto,"Actually no, Chiori also works.Â ",16/3/2025 18:16
HalalBread1427,"Oh right, I forgot Comrade Ororon and his granny just **A S C E N D**.",16/3/2025 17:59
BlueberryJuice25,Yeah he can high jump onto it,16/3/2025 17:54
Akrevics,that's what I've been doing the whole time lol,16/3/2025 23:31
HalalBread1427,OP specifically asked for units *other* than those.,16/3/2025 19:04
Chubbypieceofshit,"Yup, works too",16/3/2025 21:20
CombCold,Yep. I farmed all my mats from this boss with him.,16/3/2025 21:57
Protokai,Arlecchino with 1 support got this XD,16/3/2025 17:57
siowy,"Found the video.

https://youtu.be/NIib2rQmvzw?si=IUdhM98rai4mkteR

At 7:27",16/3/2025 22:17
transcended_goblin,"Yeah, but you need to angle your constructs and all that. At least with her, you just pop the skill, climb, ground pound, and do the same with the other pillar. Way faster and more intuitive.",16/3/2025 18:20
Away-Reception587,Didnt know lanyan counted a dash character?,16/3/2025 17:41
Queer-Coffee,Are you responding to someone else? I said that you can't climb them normally and that there isn't a boss mechanic that lets you climb them regardless of the character you use,16/3/2025 18:06
htp-di-nsw,"Yeah, so there's a weird glitch with these things.  They're supposed to be *unclimbable.* It's supposed to be a hard stop unless you have basically any Natlan character other than Mualani, or a flying/jumping character like Xianyun, Lanyan, Kazuha, Wanderer, Venti, etc.

However, they messed it up somehow, and you can occasionally get a grip and climb using shorter characters, like the chibis and sometimes the short women.",16/3/2025 17:49
IS_Mythix,Yeah it only works for medium female and tall male models I think,16/3/2025 17:45
OutDatedReferenceMan,"Ok, fair enough, skill issue it is then?
Is it because Chiori is Geo? Iâ€™m curious now.",16/3/2025 18:48
FireRagerBatl,chasca casually forgotten,16/3/2025 18:12
ValensRutto,"Yeah, but I thought it's possible to make her solo this time also.Â ",16/3/2025 19:06
Cantthinkofanamae,r/727,17/3/2025 3:14
sephirothbahamut,"whats this ""and all that""? it's simpler than you're makingit sound lol

just pop the construct on the floor and jump",16/3/2025 20:30
wet_ass_poosay,"well, her skill is ""another keqing version""",16/3/2025 17:59
Sufficient-Habit664,"According to this [video](https://youtu.be/3JlSKEBN2tE?feature=shared)

Tall Male, Medium Male, Medium Female, and Short Female can all do it. 

Only Tall Female can't ðŸ˜‚",16/3/2025 19:47
MikuFag101,"It's because her skill is a dash, so she can use it to get on top of the pillar, this works for every other character with the same type of skill (Keqing, Alhaitham, Lanyan). In general, any character that lets you go high up in the air, wether it's through a high jump or flight, allows you to get on top of the pillars without having to use a Natlan character with a climbing mechanic, for example I used Ororon's special jump in the current Abyss to do so",16/3/2025 20:57
ChascaImpact,ðŸ¥¹ðŸ¥¹ðŸ¥¹,16/3/2025 18:21
Nervous-Baseball-845,Also VentiðŸ¥²,16/3/2025 20:29
foxfire981,Ironically while she can fly up her cannon doesn't target them. So you have to drop out to do anything.,16/3/2025 18:39
transcended_goblin,"Depends on the device you play on. Not everyone plays on PC.

Other devices need a bit more efforts to correctly place constructs, and may I remind you, all the while the boss is shooting at you...",16/3/2025 21:49
Away-Reception587,I would assume â€œdash characterâ€ meant xilonen,16/3/2025 18:06
FireRagerBatl,Ironic with that username,16/3/2025 18:22
FireRagerBatl,"It is a jump ig

I made a comment of my own earlier than included venti but I didnt list it as a jump",16/3/2025 20:49
DutyHopeful6498,"No, she can destroy them whilst still being on the gun. You can do a quick tap on the NA/CA button button to destroy the cores whilst being close enough to them to do so.",16/3/2025 20:28
sephirothbahamut,"fair enough, buuuuut... the boss can't shoot you if you're behind the pillar",16/3/2025 21:55
transcended_goblin,"It's not that simple though. I do hide behind it and still get hit half the time, the safe area is not that wide...",17/3/2025 4:01
Quibilash,Also a very equitable fuck you to the Rusty Koi that never showed up and instead gave me 15 extra Golden Koi.,16/3/2025 8:22
ObjectiveOk9996,"https://preview.redd.it/geczbgovj0pe1.jpeg?width=1050&format=pjpg&auto=webp&s=e48e2d4af166e9569729eced0f6370c81f4bcf1c

Laughs insanely",16/3/2025 8:36
Abject-Register7164,"This isnt that bad. You just have to get that item that makes fishing easy. And if your world is out of fish, you can visit other people's world and fish there.",16/3/2025 8:34
clsv6262,The fishing isn't even the hard part. It's the hoping that the fish you need is even there and waiting three whole damn days just waiting for fishing spots to refill.,16/3/2025 9:15
Bobthebopper,Now do the 2000 Fish achievement.,16/3/2025 8:38
DarkDemonDan,"I did it before they made fishing easy. Strike now is always on two bite animations and it is so much easier to stay in the bars.

For the catch my biggest peeve was the one fish you could only get in the electrified water area.",16/3/2025 9:46
Jossokar,"you know? After the catch, i havent bothered with fishing again.

Which is fun, because there were fish-related weapons too in sumeru and fontaine.

Literally, in fontaine there is a sword that is in theory the best option for F2p furina.

Really? Dont care. Favonius sword!!

In my case i got the catch during raiden's first banner. Just after i started playing. It meant a work of literal months, maxing that thing up.

So i havent touched the fishing system in almost 4 years",16/3/2025 10:08
SecretSpectre11,There's fishing spots in Chenyu Vale that give koi as well that I didn't realise until it was way too late,16/3/2025 9:14
Interface-,What fish do you get in the Chasm for the Catch? I never went there when I got R5 Catch. Didn't even know the Chasm had fishing spots.,16/3/2025 10:46
Salt-Bat-5324,Hardest part for me was those stupid pufferfish. The green one specifically,16/3/2025 9:25
JusticeBean,Whyâ€¦ are you fishing in the Chasm?,16/3/2025 9:39
heilspawn,Now get all of Toki Ally Tales,16/3/2025 12:39
Best-Girl-Yanfei,"Now, get the Tokki Tales (V).",16/3/2025 12:44
leadshot747,This is giving me PTSD. I went insane joining other peoples world trying to get all that stupid fish. The catch is the only fishing weapon Iâ€™ll ever own.,16/3/2025 15:03
AutoModerator,"Hi u/Quibilash, please consider checking the most recent pinned weekly question megathread here https://www.reddit.com/r/GenshinImpact/about/sticky when you have a moment to help fellow community members. Thank you.

*I am a bot, and this action was performed automatically. Please [contact the moderators of this subreddit](/message/compose/?to=/r/GenshinImpact) if you have any questions or concerns.*",16/3/2025 8:20
moonsdulcet,Same with the Fontaine pipe sword (I think I missed some fishing spots),16/3/2025 9:47
Lucky-Company8502,"It only took me 23 hours to finish this. I started at 9am and ended around 8ish, I really donâ€™t know how",16/3/2025 9:47
TraditionalEnergy956,"I forgot who painful fishing is, why they can't have it as easy and relaxing as wuwa...",16/3/2025 10:05
suv-am,"We've all been there. at least, I have",16/3/2025 10:22
redam33,How did you go through ALL this and then keep it lvl 80 ðŸ˜­,16/3/2025 10:23
dumb_pepega,"I put getting the catch off for a long time then a while bacc i farmed for it and honestly idk what people mean by it's ""hard"" or ""time-consuming"" to obtain, it was fairly easy.
Or maybe I've played too much warframe in the past.",16/3/2025 10:59
ChaosOmega3112,"Im planning to fish for that Swordfish Bow, I think its good for Faruzan",16/3/2025 11:12
blackbarry88,"Did you follow any guide, or table with the different bait that each fish uses? Could you share please?",16/3/2025 12:24
sunburntkamel,"I mean, imagine doing it before the chasm with less fishing spots and no sumeru gadget to make it easier...",16/3/2025 12:39
EndyRu,THERE WERE FISBING SPOTS IN THE CHASM? BRUHG I WQSTED SM TIME,16/3/2025 13:19
Carjascaps,Good thing the damn pipe isnâ€™t as difficult as this.,16/3/2025 13:38
Alone_Juggernaut_624,"Wait, there's fishing spot in chasm? My lazy ahh never touch my rod after its quest",16/3/2025 14:46
cslaymore,I need this for my Raiden Shogun but can't bring myself to do all the fishing agh. Maybe I should just put on some headphones and music and do 20 minutes a day or something,16/3/2025 14:57
kazegraf,I've just started seriously fishing after all this years on genshin and I'm kinda terrified rn lmao. My furina is on the fav sword and my Raiden is on Shenhe's spear. Currently aiming for the catch first then will move to the pipe.Â ,16/3/2025 18:17
pronounclown,Man the people playing this game are soft af. The catch grind wasn't bad at all. Oh no hour or two of fishing  spread across couple of weeks oh nooo,16/3/2025 20:48
Gobledygork,I got the catch to r5 and it took a totally agonizing few hours. I mean could you imagine putting in that much time into a weapon? Now time to go spend a week trying to get a single artifact,16/3/2025 22:16
EnvironmentalTree587,Literally 1 evening. Why are you guys so impatient...,17/3/2025 5:51
ShadowStriker53,Good thing I have EL and Jade spear so I will never need that spear,16/3/2025 8:42
ChronaCross,Extra fuck you to the Koi because even after I R5'd the catch I still didn't have any ornamental Koi for my teapot pond.,16/3/2025 14:10
Quibilash,"""What did it cost?""

""My Left Mouse Button""",16/3/2025 8:38
Complete_Seesaw_4658,"Come on, bite! Paimon's gonna start eating you raw if you don't hurry up!",16/3/2025 22:15
Quibilash,Co-op? Do you think my shyness doesn't transfer in-game from real-life?,16/3/2025 8:40
maxelixyr,Item that makes fishing easy? What's that?,16/3/2025 9:46
Quibilash,"The enemies fucked me over so bad, but lucky I managed to get it so only the electro mage got aggrod.",16/3/2025 9:52
divinetemper,I placed one of those temporary teleports that you can craft on one of the boats/rafts there that made it a lot easier but had to put a new one every so often,16/3/2025 18:38
Quibilash,"I don""t plan to touch it ever again lol",16/3/2025 10:12
TerraSilvas,The fishing situation in Fontaine is actually not as bad as the Catch imo. The fishes have a higher chance of being the correct ones than the ones needed for Fontaine.,16/3/2025 15:57
GirlWithSunglasses1,Both my Raiden and Furina will remain on the Favonius,16/3/2025 11:07
Quibilash,The Pufferfish for the refining material,16/3/2025 10:47
Quibilash,saaaaaame,16/3/2025 9:51
Quibilash,Pufferfish for the refining material,16/3/2025 9:51
Quibilash,I don't have the materials ...,16/3/2025 10:24
Quibilash,"I looked it up on Fandom


Raimei Anglerfish require False Worm Bait


Pufferfish and Koi (both kinds) require False Fly Bait",16/3/2025 12:31
Quibilash,lol what Sumeru gadget? (I genuinely don't know),16/3/2025 12:41
Quibilash,"For all 21 Raimei Anglerfish and 40 Pufferfish, 40 Bitter Pufferfish, and 20 of Rusty and Golden Koi?


Even The Catch alone with no refinement material took about 6-9 days because of me not getting any Rusty Koi in their spots.",17/3/2025 5:59
Quibilash,"As my mother once told me ""But it's free"" (Also I'll probably never pull on weapon banner)",16/3/2025 8:47
Which_Committee_3668,You can never have too many good weapons. Someone can use it.,16/3/2025 23:29
Comfortable-Luck6816,"""What did it cost?""
""My sanity""
""My mouse""
""My gf""
""My family""",16/3/2025 11:32
Abject-Register7164,"Sadly, this is the most efficient way :(",16/3/2025 8:41
EnvironmentalTree587,"Shyness in-game? What? Really? Just join someone, say hello and ask them to fish in their world. Like, 90% that they will agree.",17/3/2025 5:52
deeznutz70-1,I think it might be the fishing line stabilizer,16/3/2025 10:03
heilspawn,"Thomas has a [fishing buff in Inazuma](https://genshin-impact.fandom.com/wiki/Snap_and_Swing)
 in addition, each nation has its own fishing pole",16/3/2025 12:39
Jossokar,Ok. I am still not bothering with it XD,16/3/2025 16:01
Jossokar,"in my case i went after raiden's signature weapon some months afterwards (i think xiangling has the catch now?)

Furina still has favonius, though.",16/3/2025 12:32
JusticeBean,"Huh. I got the catch ages ago, didnâ€™t know they spawned there",16/3/2025 9:53
blackbarry88,Thanks!,16/3/2025 12:53
sunburntkamel,"You can buy it in all the shops now, the Fishing Line Stabilizer",16/3/2025 12:43
EnvironmentalTree587,"Spots have daytime and night time, so the fish pool refreshes at either 12PM/AM or 6PM/AM.

Also... CO-OP. It's literally that easy. Just say hello and ask to fish.",17/3/2025 6:03
Quibilash,"Why did they make the fishing respawn over 72 hours instead of 24? The design is baffling to me, even if they didn't want players to just spend 20 hours a day grinding (even though it feels like they definitely do.)",16/3/2025 8:49
ChronaCross,At least Thoma doesn't have to be in the party for the double fish chance to trigger,16/3/2025 14:11
Vrail_Nightviper,His buff only works in Inazuma IIRC,16/3/2025 13:51
Quibilash,"It sucks, takes too long to get there",16/3/2025 9:55
Quibilash,"Oh ....


Eh, at least I can brag I did it without it.",16/3/2025 12:43
Quibilash,"Yeah, guess what? day and night cycle fucked me over by not giving me the shit I needed",17/3/2025 6:05
Abject-Register7164,That's genshin to you,16/3/2025 8:51
MLGCream,"This is actually a valid criticism

Even I was that bothered back when I used to farm for it 2-3 years ago, so you're not wrong there",17/3/2025 0:39
heilspawn,What a ripoff,16/3/2025 13:58
JusticeBean,"I mean. Too late for it now, but portable waypoint?",16/3/2025 9:56
EnvironmentalTree587,"Yeah, okay? Just skip and go to the next spot. It's that easy.",17/3/2025 6:07
Equivalent_Bit_576,How do I make a portable waypoint ? Iâ€™ve only seen the ones in the tea pot,16/3/2025 13:34
Quibilash,I'm stingy,16/3/2025 10:25
Quibilash,"I did, and they still didn't spawn",17/3/2025 6:08
JusticeBean,"You get the blueprint through reputation iirc, either Liyue or Mondstat, then you can craft them at an alchemy table.

You can only have one active at once and iirc they last a week.",16/3/2025 13:46
EnvironmentalTree587,"Okay, unlucky you I guess. It still isn't as bad as some people say.",17/3/2025 6:09
Equivalent_Bit_576,Thank you ðŸ™ðŸ¾!!,16/3/2025 13:49
